[{"pk": 1, "model": "blog.tag", "fields": {"text": "behavior", "slug": "behavior"}}, {"pk": 2, "model": "blog.tag", "fields": {"text": "biking", "slug": "biking"}}, {"pk": 3, "model": "blog.tag", "fields": {"text": "career", "slug": "career"}}, {"pk": 4, "model": "blog.tag", "fields": {"text": "cats", "slug": "cats"}}, {"pk": 5, "model": "blog.tag", "fields": {"text": "compassion", "slug": "compassion"}}, {"pk": 6, "model": "blog.tag", "fields": {"text": "culture", "slug": "culture"}}, {"pk": 7, "model": "blog.tag", "fields": {"text": "doubt", "slug": "doubt"}}, {"pk": 8, "model": "blog.tag", "fields": {"text": "economy", "slug": "economy"}}, {"pk": 9, "model": "blog.tag", "fields": {"text": "funny", "slug": "funny"}}, {"pk": 10, "model": "blog.tag", "fields": {"text": "geek", "slug": "geek"}}, {"pk": 11, "model": "blog.tag", "fields": {"text": "geekdom", "slug": "geekdom"}}, {"pk": 12, "model": "blog.tag", "fields": {"text": "happiness", "slug": "happiness"}}, {"pk": 13, "model": "blog.tag", "fields": {"text": "health", "slug": "health"}}, {"pk": 14, "model": "blog.tag", "fields": {"text": "horus", "slug": "horus"}}, {"pk": 15, "model": "blog.tag", "fields": {"text": "insight", "slug": "insight"}}, {"pk": 16, "model": "blog.tag", "fields": {"text": "learning", "slug": "learning"}}, {"pk": 17, "model": "blog.tag", "fields": {"text": "life", "slug": "life"}}, {"pk": 18, "model": "blog.tag", "fields": {"text": "lolcat", "slug": "lolcat"}}, {"pk": 19, "model": "blog.tag", "fields": {"text": "meditation", "slug": "meditation"}}, {"pk": 20, "model": "blog.tag", "fields": {"text": "meme", "slug": "meme"}}, {"pk": 21, "model": "blog.tag", "fields": {"text": "movies", "slug": "movies"}}, {"pk": 22, "model": "blog.tag", "fields": {"text": "music", "slug": "music"}}, {"pk": 23, "model": "blog.tag", "fields": {"text": "pics", "slug": "pics"}}, {"pk": 24, "model": "blog.tag", "fields": {"text": "power", "slug": "power"}}, {"pk": 25, "model": "blog.tag", "fields": {"text": "protest", "slug": "protest"}}, {"pk": 26, "model": "blog.tag", "fields": {"text": "rides", "slug": "rides"}}, {"pk": 27, "model": "blog.tag", "fields": {"text": "sad", "slug": "sad"}}, {"pk": 28, "model": "blog.tag", "fields": {"text": "suffering", "slug": "suffering"}}, {"pk": 29, "model": "blog.tag", "fields": {"text": "test", "slug": "test"}}, {"pk": 30, "model": "blog.tag", "fields": {"text": "vegetarianism", "slug": "vegetarianism"}}, {"pk": 1, "model": "blog.topic", "fields": {"text": "Fluff", "description": null, "parent": null, "slug": "fluff"}}, {"pk": 3, "model": "blog.post", "fields": {"status": "P", "last_updated": "2010-03-21 22:56:15", "author": 1, "topics": [1], "title": "Here we go", "content": "Well I've decided to give this journal a try.   I've thought about it for some time but have particularly occupied with various thoughts of late and I thought instead of mentally ranting it may help me a bit to try to journal my mental ping pong.  My biggest concern is that I'll either do it for awhile and let it trail off, or just plain not do it at all.  (So if this is the only entry you see, I guess you'll know what way I went.)", "created_on": "2002-02-27 13:39:00", "pub_date": "2002-02-27 13:39:00", "slug": "here-we-go", "tags": [7]}}, {"pk": 1, "model": "blog.post", "fields": {"status": "U", "last_updated": "2010-03-21 22:56:13", "author": 1, "topics": [], "title": "Disconnects At Work", "content": "I stopped posting anything about work some time ago because nothing I wanted to say would be appropriate and would be just plain bad leadership.<br /><br />I have some observations though and I think would be useful for me to write down, but I'm afraid will be very boring to most of you.<br /><br />These come in random order but", "created_on": "2009-04-09 17:01:47", "pub_date": "2009-04-09 17:01:47", "slug": "disconnects-at-work", "tags": []}}, {"pk": 2, "model": "blog.post", "fields": {"status": "U", "last_updated": "2010-03-21 22:56:14", "author": 1, "topics": [], "title": "Reflection on Reflecting from an Unstable Blogger", "content": "Blogging was so much easier when I was married.<br /><br />I stay silent because I feel like anything I say could be taken by someone past, present or future as meaning something about where I'm going.  My life is in transition, sometimes gloriously unstable, which implies I am headed somewhere and I notice now more than ever people take what I say or do as an indication of what direction I'm going to go. <br /><br />Less popular with me still are the segments of people who have no interest in my life at all but want me to be ", "created_on": "2009-04-23 20:22:26", "pub_date": "2009-04-23 20:22:26", "slug": "reflection-on-reflecting-from-an-unstable-blogger", "tags": []}}, {"pk": 1, "model": "blog.postmeta", "fields": {"post": 1, "value": "2515", "key": "wp_post_id"}}, {"pk": 2, "model": "blog.postmeta", "fields": {"post": 1, "value": "Flagon With The Dragon", "key": "wp_blog_title"}}, {"pk": 3, "model": "blog.postmeta", "fields": {"post": 1, "value": "http://www.flagonwiththedragon.com", "key": "wp_blog_link"}}, {"pk": 4, "model": "blog.postmeta", "fields": {"post": 1, "value": "Streamweaver", "key": "wp_author"}}, {"pk": 5, "model": "blog.postmeta", "fields": {"post": 1, "value": "1", "key": "_edit_last"}}, {"pk": 6, "model": "blog.postmeta", "fields": {"post": 1, "value": "1239314507", "key": "_edit_lock"}}, {"pk": 7, "model": "blog.postmeta", "fields": {"post": 2, "value": "2524", "key": "wp_post_id"}}, {"pk": 8, "model": "blog.postmeta", "fields": {"post": 2, "value": "Flagon With The Dragon", "key": "wp_blog_title"}}, {"pk": 9, "model": "blog.postmeta", "fields": {"post": 2, "value": "http://www.flagonwiththedragon.com", "key": "wp_blog_link"}}, {"pk": 10, "model": "blog.postmeta", "fields": {"post": 2, "value": "Streamweaver", "key": "wp_author"}}, {"pk": 11, "model": "blog.postmeta", "fields": {"post": 2, "value": "1", "key": "_edit_last"}}, {"pk": 12, "model": "blog.postmeta", "fields": {"post": 2, "value": "1240536146", "key": "_edit_lock"}}, {"pk": 13, "model": "blog.postmeta", "fields": {"post": 3, "value": "2", "key": "wp_post_id"}}, {"pk": 14, "model": "blog.postmeta", "fields": {"post": 3, "value": "Flagon With The Dragon", "key": "wp_blog_title"}}, {"pk": 15, "model": "blog.postmeta", "fields": {"post": 3, "value": "http://www.flagonwiththedragon.com", "key": "wp_blog_link"}}, {"pk": 16, "model": "blog.postmeta", "fields": {"post": 3, "value": "Streamweaver", "key": "wp_author"}}, {"pk": 17, "model": "blog.postmeta", "fields": {"post": 3, "value": "1", "key": "_edit_last"}}, {"pk": 18, "model": "blog.postmeta", "fields": {"post": 3, "value": "1227233027", "key": "_edit_lock"}}, {"pk": 19, "model": "blog.postmeta", "fields": {"post": 3, "value": "153 : Incorrect time value: You have an entry which was posted at 2008-11-20 20:52, but you're trying to post an entry before this. Please check the date and time of both entries. If the other entry is set in the future on purpose, edit that entry to use ", "key": "unt_lj_error"}}, {"pk": 20, "model": "blog.postmeta", "fields": {"post": 3, "value": "Streamweaver", "key": "unt_lj_username"}}, {"pk": 21, "model": "blog.postmeta", "fields": {"post": 3, "value": "synchall", "key": "unt_lj_synchop"}}, {"pk": 22, "model": "blog.postmeta", "fields": {"post": 3, "value": "notchecked", "key": "unt_lj_nocomment"}}, {"pk": 23, "model": "blog.postmeta", "fields": {"post": 3, "value": "notchecked", "key": "unt_lj_linkback"}}, {"pk": 24, "model": "blog.postmeta", "fields": {"post": 3, "value": "Flagon With The Dragon", "key": "unt_lj_linkbacktext"}}, {"pk": 25, "model": "blog.postmeta", "fields": {"post": 3, "value": "public", "key": "unt_lj_securitylevel"}}]
