[{"pk": 22, "model": "auth.permission", "fields": {"codename": "add_logentry", "name": "Can add log entry", "content_type": 8}}, {"pk": 23, "model": "auth.permission", "fields": {"codename": "change_logentry", "name": "Can change log entry", "content_type": 8}}, {"pk": 24, "model": "auth.permission", "fields": {"codename": "delete_logentry", "name": "Can delete log entry", "content_type": 8}}, {"pk": 4, "model": "auth.permission", "fields": {"codename": "add_group", "name": "Can add group", "content_type": 2}}, {"pk": 10, "model": "auth.permission", "fields": {"codename": "add_message", "name": "Can add message", "content_type": 4}}, {"pk": 1, "model": "auth.permission", "fields": {"codename": "add_permission", "name": "Can add permission", "content_type": 1}}, {"pk": 7, "model": "auth.permission", "fields": {"codename": "add_user", "name": "Can add user", "content_type": 3}}, {"pk": 5, "model": "auth.permission", "fields": {"codename": "change_group", "name": "Can change group", "content_type": 2}}, {"pk": 11, "model": "auth.permission", "fields": {"codename": "change_message", "name": "Can change message", "content_type": 4}}, {"pk": 2, "model": "auth.permission", "fields": {"codename": "change_permission", "name": "Can change permission", "content_type": 1}}, {"pk": 8, "model": "auth.permission", "fields": {"codename": "change_user", "name": "Can change user", "content_type": 3}}, {"pk": 6, "model": "auth.permission", "fields": {"codename": "delete_group", "name": "Can delete group", "content_type": 2}}, {"pk": 12, "model": "auth.permission", "fields": {"codename": "delete_message", "name": "Can delete message", "content_type": 4}}, {"pk": 3, "model": "auth.permission", "fields": {"codename": "delete_permission", "name": "Can delete permission", "content_type": 1}}, {"pk": 9, "model": "auth.permission", "fields": {"codename": "delete_user", "name": "Can delete user", "content_type": 3}}, {"pk": 31, "model": "auth.permission", "fields": {"codename": "add_post", "name": "Can add post", "content_type": 11}}, {"pk": 34, "model": "auth.permission", "fields": {"codename": "add_postmeta", "name": "Can add post meta", "content_type": 12}}, {"pk": 25, "model": "auth.permission", "fields": {"codename": "add_tag", "name": "Can add tag", "content_type": 9}}, {"pk": 28, "model": "auth.permission", "fields": {"codename": "add_topic", "name": "Can add topic", "content_type": 10}}, {"pk": 32, "model": "auth.permission", "fields": {"codename": "change_post", "name": "Can change post", "content_type": 11}}, {"pk": 35, "model": "auth.permission", "fields": {"codename": "change_postmeta", "name": "Can change post meta", "content_type": 12}}, {"pk": 26, "model": "auth.permission", "fields": {"codename": "change_tag", "name": "Can change tag", "content_type": 9}}, {"pk": 29, "model": "auth.permission", "fields": {"codename": "change_topic", "name": "Can change topic", "content_type": 10}}, {"pk": 33, "model": "auth.permission", "fields": {"codename": "delete_post", "name": "Can delete post", "content_type": 11}}, {"pk": 36, "model": "auth.permission", "fields": {"codename": "delete_postmeta", "name": "Can delete post meta", "content_type": 12}}, {"pk": 27, "model": "auth.permission", "fields": {"codename": "delete_tag", "name": "Can delete tag", "content_type": 9}}, {"pk": 30, "model": "auth.permission", "fields": {"codename": "delete_topic", "name": "Can delete topic", "content_type": 10}}, {"pk": 13, "model": "auth.permission", "fields": {"codename": "add_contenttype", "name": "Can add content type", "content_type": 5}}, {"pk": 14, "model": "auth.permission", "fields": {"codename": "change_contenttype", "name": "Can change content type", "content_type": 5}}, {"pk": 15, "model": "auth.permission", "fields": {"codename": "delete_contenttype", "name": "Can delete content type", "content_type": 5}}, {"pk": 16, "model": "auth.permission", "fields": {"codename": "add_session", "name": "Can add session", "content_type": 6}}, {"pk": 17, "model": "auth.permission", "fields": {"codename": "change_session", "name": "Can change session", "content_type": 6}}, {"pk": 18, "model": "auth.permission", "fields": {"codename": "delete_session", "name": "Can delete session", "content_type": 6}}, {"pk": 19, "model": "auth.permission", "fields": {"codename": "add_site", "name": "Can add site", "content_type": 7}}, {"pk": 20, "model": "auth.permission", "fields": {"codename": "change_site", "name": "Can change site", "content_type": 7}}, {"pk": 21, "model": "auth.permission", "fields": {"codename": "delete_site", "name": "Can delete site", "content_type": 7}}, {"pk": 1, "model": "auth.user", "fields": {"username": "Julius", "first_name": "", "last_name": "", "is_active": true, "is_superuser": true, "is_staff": true, "last_login": "2010-03-27 15:27:15", "groups": [], "user_permissions": [], "password": "sha1$c28f1$989b9cde110e528386f9e4870cb60c4d55c625e6", "email": "ceasar@rome.org", "date_joined": "2010-03-27 15:27:15"}}, {"pk": 5, "model": "contenttypes.contenttype", "fields": {"model": "contenttype", "name": "content type", "app_label": "contenttypes"}}, {"pk": 2, "model": "contenttypes.contenttype", "fields": {"model": "group", "name": "group", "app_label": "auth"}}, {"pk": 8, "model": "contenttypes.contenttype", "fields": {"model": "logentry", "name": "log entry", "app_label": "admin"}}, {"pk": 4, "model": "contenttypes.contenttype", "fields": {"model": "message", "name": "message", "app_label": "auth"}}, {"pk": 1, "model": "contenttypes.contenttype", "fields": {"model": "permission", "name": "permission", "app_label": "auth"}}, {"pk": 11, "model": "contenttypes.contenttype", "fields": {"model": "post", "name": "post", "app_label": "blog"}}, {"pk": 12, "model": "contenttypes.contenttype", "fields": {"model": "postmeta", "name": "post meta", "app_label": "blog"}}, {"pk": 6, "model": "contenttypes.contenttype", "fields": {"model": "session", "name": "session", "app_label": "sessions"}}, {"pk": 7, "model": "contenttypes.contenttype", "fields": {"model": "site", "name": "site", "app_label": "sites"}}, {"pk": 9, "model": "contenttypes.contenttype", "fields": {"model": "tag", "name": "tag", "app_label": "blog"}}, {"pk": 10, "model": "contenttypes.contenttype", "fields": {"model": "topic", "name": "topic", "app_label": "blog"}}, {"pk": 3, "model": "contenttypes.contenttype", "fields": {"model": "user", "name": "user", "app_label": "auth"}}, {"pk": "cff044a9f3b791d3bd5678a9e5a5005d", "model": "sessions.session", "fields": {"expire_date": "2010-04-10 15:37:18", "session_data": "gAJ9cQEuNmM5ZjhjNGFmMmE0YWVlOWE0MmFhYWM4MTNmNWE2MDQ=\n"}}, {"pk": 1, "model": "sites.site", "fields": {"domain": "example.com", "name": "example.com"}}, {"pk": 9, "model": "blog.tag", "fields": {"text": "Phasellus congue", "slug": "phasellus-congue"}}, {"pk": 1, "model": "blog.tag", "fields": {"text": "dolor", "slug": "dolor"}}, {"pk": 2, "model": "blog.tag", "fields": {"text": "fermentum quis", "slug": "fermentum-quis"}}, {"pk": 3, "model": "blog.tag", "fields": {"text": "feugiat", "slug": "feugiat"}}, {"pk": 4, "model": "blog.tag", "fields": {"text": "fringilla at nibh", "slug": "fringilla-at-nibh"}}, {"pk": 5, "model": "blog.tag", "fields": {"text": "hendrerit", "slug": "hendrerit"}}, {"pk": 6, "model": "blog.tag", "fields": {"text": "libero", "slug": "libero"}}, {"pk": 7, "model": "blog.tag", "fields": {"text": "ligula", "slug": "ligula"}}, {"pk": 8, "model": "blog.tag", "fields": {"text": "nunc", "slug": "nunc"}}, {"pk": 10, "model": "blog.tag", "fields": {"text": "ultricies", "slug": "ultricies"}}, {"pk": 3, "model": "blog.topic", "fields": {"text": "Uncategorized", "description": null, "parent": null, "slug": "uncategorized"}}, {"pk": 1, "model": "blog.topic", "fields": {"text": "consectetur adipiscing", "description": null, "parent": null, "slug": "consectetur-adipiscing"}}, {"pk": 2, "model": "blog.topic", "fields": {"text": "pharetra", "description": null, "parent": null, "slug": "pharetra"}}, {"pk": 4, "model": "blog.topic", "fields": {"text": "vel accumsan", "description": null, "parent": 2, "slug": "vel-accumsan"}}, {"pk": 2, "model": "blog.post", "fields": {"status": "U", "last_updated": "2010-03-27 15:36:36", "author": 1, "topics": [3], "title": "Maecenas varius", "created_on": "2010-03-23 15:54:54", "content": null, "teaser": null, "pub_date": "2010-03-23 15:54:54", "slug": null, "tags": []}}, {"pk": 1, "model": "blog.post", "fields": {"status": "U", "last_updated": "2010-03-27 15:36:34", "author": 1, "topics": [3], "title": "Nunc ac orci mauris", "created_on": "2010-03-23 15:54:28", "content": "Pellentesque habitant morbi tristique senectus et netus et malesuada  fames ac turpis egestas. Donec elementum malesuada dui, sit amet  porttitor arcu cursus et. Suspendisse rutrum pulvinar neque mattis  condimentum. Morbi orci sem, congue sit amet eleifend nec, elementum sit  amet magna. Quisque ut vestibulum libero. Praesent a justo magna.  Vestibulum ante ipsum primis in faucibus orci luctus et ultrices posuere  cubilia Curae; Praesent luctus consectetur lacinia. Pellentesque  habitant morbi tristique senectus et netus et malesuada fames ac turpis  egestas. Donec iaculis, eros non malesuada sodales, dui est fermentum  leo, vel ornare sapien augue vel ante. Donec varius justo egestas arcu  aliquet mollis. Integer congue adipiscing lacus, ut aliquet orci  interdum vel. Phasellus blandit ipsum vitae ipsum consectetur ornare.  Integer ultrices congue erat eget pharetra. Proin tristique odio  adipiscing mauris consectetur in scelerisque felis molestie.<br /><br />Phasellus condimentum nunc ut nunc feugiat hendrerit. Aliquam nunc dui,  interdum eu suscipit volutpat, hendrerit vel eros. In orci sapien,  commodo eget tempor non, placerat faucibus sapien. Fusce imperdiet  libero eget orci rutrum et auctor lectus facilisis. Suspendisse potenti.  Vivamus tempus commodo arcu in elementum. Nullam luctus sodales elit, a  viverra risus egestas et. Morbi eget imperdiet sapien. Ut metus lorem,  rutrum sed venenatis vitae, adipiscing id quam. Integer auctor erat ac  nulla suscipit aliquam. Proin eget dictum metus. Suspendisse ut ligula  sit amet nulla iaculis tincidunt. Cras in velit a magna egestas molestie  eget quis lorem. Phasellus libero purus, tristique quis posuere eget,  tempor at neque. Nulla rutrum tellus nec diam bibendum aliquam. Quisque  dignissim euismod augue, id placerat lectus feugiat sit amet. Mauris at  nisi sit amet erat pellentesque tincidunt. Integer eget semper turpis.  Nulla feugiat placerat ante in tristique. Etiam ornare mi purus.", "teaser": null, "pub_date": "2010-03-23 15:54:28", "slug": null, "tags": [3, 5, 8]}}, {"pk": 4, "model": "blog.post", "fields": {"status": "P", "last_updated": "2010-03-27 15:36:38", "author": 1, "topics": [1], "title": "Pellentesque habitant morbi", "created_on": "2010-03-23 15:50:23", "content": "Phasellus condimentum nunc ut nunc feugiat hendrerit. Aliquam nunc dui,  interdum eu suscipit volutpat, hendrerit vel eros. In orci sapien,  commodo eget tempor non, placerat faucibus sapien. Fusce imperdiet  libero eget orci rutrum et auctor lectus facilisis. Suspendisse potenti.  Vivamus tempus commodo arcu in elementum. Nullam luctus sodales elit, a  viverra risus egestas et. Morbi eget imperdiet sapien. Ut metus lorem,  rutrum sed venenatis vitae, adipiscing id quam. Integer auctor erat ac  nulla suscipit aliquam. Proin eget dictum metus. Suspendisse ut ligula  sit amet nulla iaculis tincidunt. Cras in velit a magna egestas molestie  eget quis lorem. Phasellus libero purus, tristique quis posuere eget,  tempor at neque. Nulla rutrum tellus nec diam bibendum aliquam. Quisque  dignissim euismod augue, id placerat lectus feugiat sit amet. Mauris at  nisi sit amet erat pellentesque tincidunt. Integer eget semper turpis.  Nulla feugiat placerat ante in tristique. Etiam ornare mi purus.<br /><br />Nunc imperdiet accumsan tellus, tincidunt venenatis dolor pharetra sed.  Nunc ac orci mauris. Aliquam interdum neque sit amet nisi convallis at  dapibus magna laoreet. Nulla sed mi eu tellus tristique posuere vitae  nec nisl. Nam augue orci, tempus sed iaculis non, gravida quis tellus.  Curabitur bibendum consequat dapibus. Nam sed sem nisl, nec rhoncus  odio. Nunc justo massa, bibendum ut convallis vel, iaculis nec ligula.  Pellentesque iaculis augue quis sem tincidunt a accumsan nunc auctor.  Etiam eget lorem quis erat suscipit consequat. Phasellus pharetra leo  justo, vitae commodo justo. Pellentesque malesuada magna nec erat  lobortis hendrerit. Cras ac lectus ac purus porttitor laoreet quis non  enim. Integer facilisis scelerisque erat, non lacinia est aliquet vitae.  Suspendisse potenti. Phasellus at magna nibh. Donec diam est, viverra  vel laoreet ut, scelerisque ut erat.<br /><br />Ut tempor enim eu tellus tincidunt interdum scelerisque odio aliquet.  Phasellus congue, ligula eu consectetur consectetur, eros urna lobortis  sapien, quis iaculis eros purus imperdiet orci. Curabitur in nulla enim,  quis venenatis dui. Curabitur nisl lacus, bibendum a tempor a, egestas  et est. Vivamus vel justo vehicula purus varius volutpat. Nunc sed lacus  tellus, non venenatis purus. Sed vehicula nulla eu tellus sagittis  fringilla. Aliquam nec sapien faucibus diam tempor adipiscing a sed sem.  Pellentesque habitant morbi tristique senectus et netus et malesuada  fames ac turpis egestas. Pellentesque nec suscipit dolor.", "teaser": "Aliquam nunc dui, interdum eu suscipit volutpat, hendrerit vel eros. In orci sapien, commodo eget tempor non, placerat faucibus sapien. Fusce imperdiet libero eget orci rutrum et auctor lectus facilisis. Suspendisse potenti. Vivamus tempus commodo arcu in elementum. Nullam luctus sodales elit, a viverra risus egestas et. Morbi eget imperdiet sapien. Ut metus lorem, rutrum sed venenatis vitae, adipiscing id quam. Integer auctor erat ac nulla suscipit aliquam.", "pub_date": "2010-03-23 15:50:23", "slug": "pellentesque-habitant-morbi", "tags": [2, 4]}}, {"pk": 3, "model": "blog.post", "fields": {"status": "P", "last_updated": "2010-03-27 15:36:37", "author": 1, "topics": [3], "title": "It's all Greek To You?", "created_on": "2009-04-08 17:17:22", "content": "You're going to be seeing a lot of Lorum posts and such here.\u00a0 Primarily due to the fact that I'm filling this blog with a bunch of that text so I can produce an export file to serve as a fixture in a wp export file parser I'm creating.", "teaser": null, "pub_date": "2009-04-08 17:17:22", "slug": "its-all-greek-to-you", "tags": [9, 7]}}, {"pk": 1, "model": "blog.postmeta", "fields": {"post": 1, "value": "7", "key": "wp_post_id"}}, {"pk": 2, "model": "blog.postmeta", "fields": {"post": 1, "value": "Streamweavers Blog", "key": "wp_blog_title"}}, {"pk": 3, "model": "blog.postmeta", "fields": {"post": 1, "value": "http://streamweaver.wordpress.com", "key": "wp_blog_link"}}, {"pk": 4, "model": "blog.postmeta", "fields": {"post": 1, "value": "streamweaver", "key": "wp_author"}}, {"pk": 5, "model": "blog.postmeta", "fields": {"post": 1, "value": "1269359671", "key": "_edit_lock"}}, {"pk": 6, "model": "blog.postmeta", "fields": {"post": 1, "value": "967691", "key": "_edit_last"}}, {"pk": 7, "model": "blog.postmeta", "fields": {"post": 2, "value": "10", "key": "wp_post_id"}}, {"pk": 8, "model": "blog.postmeta", "fields": {"post": 2, "value": "Streamweavers Blog", "key": "wp_blog_title"}}, {"pk": 9, "model": "blog.postmeta", "fields": {"post": 2, "value": "http://streamweaver.wordpress.com", "key": "wp_blog_link"}}, {"pk": 10, "model": "blog.postmeta", "fields": {"post": 2, "value": "streamweaver", "key": "wp_author"}}, {"pk": 11, "model": "blog.postmeta", "fields": {"post": 2, "value": "1269359695", "key": "_edit_lock"}}, {"pk": 12, "model": "blog.postmeta", "fields": {"post": 2, "value": "967691", "key": "_edit_last"}}, {"pk": 13, "model": "blog.postmeta", "fields": {"post": 3, "value": "1", "key": "wp_post_id"}}, {"pk": 14, "model": "blog.postmeta", "fields": {"post": 3, "value": "Streamweavers Blog", "key": "wp_blog_title"}}, {"pk": 15, "model": "blog.postmeta", "fields": {"post": 3, "value": "http://streamweaver.wordpress.com", "key": "wp_blog_link"}}, {"pk": 16, "model": "blog.postmeta", "fields": {"post": 3, "value": "streamweaver", "key": "wp_author"}}, {"pk": 17, "model": "blog.postmeta", "fields": {"post": 3, "value": "1269359550", "key": "_edit_lock"}}, {"pk": 18, "model": "blog.postmeta", "fields": {"post": 3, "value": "967691", "key": "_edit_last"}}, {"pk": 19, "model": "blog.postmeta", "fields": {"post": 4, "value": "4", "key": "wp_post_id"}}, {"pk": 20, "model": "blog.postmeta", "fields": {"post": 4, "value": "Streamweavers Blog", "key": "wp_blog_title"}}, {"pk": 21, "model": "blog.postmeta", "fields": {"post": 4, "value": "http://streamweaver.wordpress.com", "key": "wp_blog_link"}}, {"pk": 22, "model": "blog.postmeta", "fields": {"post": 4, "value": "streamweaver", "key": "wp_author"}}, {"pk": 23, "model": "blog.postmeta", "fields": {"post": 4, "value": "1269359425", "key": "_edit_lock"}}, {"pk": 24, "model": "blog.postmeta", "fields": {"post": 4, "value": "967691", "key": "_edit_last"}}]
